id,name,email,created_at
1,John Doe,john.doe@example.com,2023-11-08 08:31:25
2,Jane Smith,jane.smith@example.com,2023-11-08 08:31:25
3,Alice Johnson,alice.johnson@example.com,2023-11-08 08:31:25
4,Michael Brown,michael.brown@example.com,2023-11-08 08:31:25
5,Emily Davis,emily.davis@example.com,2023-11-08 08:31:25
6,Daniel Garcia,daniel.garcia@example.com,2023-11-08 08:31:25
7,Laura Wilson,laura.wilson@example.com,2023-11-08 08:31:25
8,Kevin Martinez,kevin.martinez@example.com,2023-11-08 08:31:25
9,Isabella Anderson,isabella.anderson@example.com,2023-11-08 08:31:25
10,Joshua Thomas,joshua.thomas@example.com,2023-11-08 08:31:25
11,Sophia Lee,sophia.lee@example.com,2023-11-08 08:31:25
12,Christopher Hernandez,christopher.hernandez@example.com,2023-11-08 08:31:25
13,Jessica King,jessica.king@example.com,2023-11-08 08:31:25
14,Matthew Wright,matthew.wright@example.com,2023-11-08 08:31:25
15,Olivia Hill,olivia.hill@example.com,2023-11-08 08:31:25
16,Ethan Scott,ethan.scott@example.com,2023-11-08 08:31:25
17,Madison Torres,madison.torres@example.com,2023-11-08 08:31:25
18,Alexander Nguyen,alexander.nguyen@example.com,2023-11-08 08:31:25
19,Abigail Young,abigail.young@example.com,2023-11-08 08:31:25
20,David Adams,david.adams@example.com,2023-11-08 08:31:25
21,Siti Khoir,siti@example.com,2023-11-08 08:40:36
